--
-- PostgreSQL database dump
--

-- Dumped from database version 15.1
-- Dumped by pg_dump version 15.1

SET statement_timeout = 0;
SET lock_timeout = 0;
SET idle_in_transaction_session_timeout = 0;
SET client_encoding = 'UTF8';
SET standard_conforming_strings = on;
SELECT pg_catalog.set_config('search_path', '', false);
SET check_function_bodies = false;
SET xmloption = content;
SET client_min_messages = warning;
SET row_security = off;

SET default_tablespace = '';

SET default_table_access_method = heap;

--
-- Name: company; Type: TABLE; Schema: public; Owner: postgres
--

CREATE TABLE public.company (
    id integer NOT NULL,
    owner_id integer NOT NULL,
    name character varying(255) NOT NULL,
    description text,
    logourl character varying(255),
    status character varying(10)
);


ALTER TABLE public.company OWNER TO postgres;

--
-- Name: company_id_seq; Type: SEQUENCE; Schema: public; Owner: postgres
--

ALTER TABLE public.company ALTER COLUMN id ADD GENERATED BY DEFAULT AS IDENTITY (
    SEQUENCE NAME public.company_id_seq
    START WITH 1
    INCREMENT BY 1
    NO MINVALUE
    NO MAXVALUE
    CACHE 1
);


--
-- Name: company_registration_requests; Type: TABLE; Schema: public; Owner: postgres
--

CREATE TABLE public.company_registration_requests (
    id integer NOT NULL,
    name character varying(255) NOT NULL,
    description character varying,
    logourl character varying(2083),
    customer_id integer NOT NULL
);


ALTER TABLE public.company_registration_requests OWNER TO postgres;

--
-- Name: company_registration_requests_id_seq; Type: SEQUENCE; Schema: public; Owner: postgres
--

ALTER TABLE public.company_registration_requests ALTER COLUMN id ADD GENERATED BY DEFAULT AS IDENTITY (
    SEQUENCE NAME public.company_registration_requests_id_seq
    START WITH 1
    INCREMENT BY 1
    NO MINVALUE
    NO MAXVALUE
    CACHE 1
);


--
-- Name: customer; Type: TABLE; Schema: public; Owner: postgres
--

CREATE TABLE public.customer (
    id integer NOT NULL,
    username character varying(255) NOT NULL,
    email character varying(255) NOT NULL,
    password character varying(255) NOT NULL,
    balance double precision DEFAULT 0,
    role character varying(100) NOT NULL
);


ALTER TABLE public.customer OWNER TO postgres;

--
-- Name: customer_id_seq; Type: SEQUENCE; Schema: public; Owner: postgres
--

ALTER TABLE public.customer ALTER COLUMN id ADD GENERATED BY DEFAULT AS IDENTITY (
    SEQUENCE NAME public.customer_id_seq
    START WITH 1
    INCREMENT BY 1
    NO MINVALUE
    NO MAXVALUE
    CACHE 1
);


--
-- Name: customer_notification; Type: TABLE; Schema: public; Owner: postgres
--

CREATE TABLE public.customer_notification (
    customer_id integer NOT NULL,
    notification_id integer NOT NULL
);


ALTER TABLE public.customer_notification OWNER TO postgres;

--
-- Name: discount; Type: TABLE; Schema: public; Owner: postgres
--

CREATE TABLE public.discount (
    id integer NOT NULL,
    size integer NOT NULL,
    till_date date NOT NULL,
    CONSTRAINT discount_size_check CHECK (((size >= 1) AND (size <= 99)))
);


ALTER TABLE public.discount OWNER TO postgres;

--
-- Name: discount_id_seq; Type: SEQUENCE; Schema: public; Owner: postgres
--

ALTER TABLE public.discount ALTER COLUMN id ADD GENERATED BY DEFAULT AS IDENTITY (
    SEQUENCE NAME public.discount_id_seq
    START WITH 1
    INCREMENT BY 1
    NO MINVALUE
    NO MAXVALUE
    CACHE 1
);


--
-- Name: keyword; Type: TABLE; Schema: public; Owner: postgres
--

CREATE TABLE public.keyword (
    keyword_id integer NOT NULL,
    keyword_name character varying(50) NOT NULL
);


ALTER TABLE public.keyword OWNER TO postgres;

--
-- Name: keyword_keyword_id_seq; Type: SEQUENCE; Schema: public; Owner: postgres
--

CREATE SEQUENCE public.keyword_keyword_id_seq
    AS integer
    START WITH 1
    INCREMENT BY 1
    NO MINVALUE
    NO MAXVALUE
    CACHE 1;


ALTER TABLE public.keyword_keyword_id_seq OWNER TO postgres;

--
-- Name: keyword_keyword_id_seq; Type: SEQUENCE OWNED BY; Schema: public; Owner: postgres
--

ALTER SEQUENCE public.keyword_keyword_id_seq OWNED BY public.keyword.keyword_id;


--
-- Name: keyword_keyword_id_seq1; Type: SEQUENCE; Schema: public; Owner: postgres
--

ALTER TABLE public.keyword ALTER COLUMN keyword_id ADD GENERATED BY DEFAULT AS IDENTITY (
    SEQUENCE NAME public.keyword_keyword_id_seq1
    START WITH 1
    INCREMENT BY 1
    NO MINVALUE
    NO MAXVALUE
    CACHE 1
);


--
-- Name: notification; Type: TABLE; Schema: public; Owner: postgres
--

CREATE TABLE public.notification (
    id integer NOT NULL,
    head character varying(255) NOT NULL,
    date date NOT NULL,
    text character varying NOT NULL
);


ALTER TABLE public.notification OWNER TO postgres;

--
-- Name: notification_id_seq; Type: SEQUENCE; Schema: public; Owner: postgres
--

ALTER TABLE public.notification ALTER COLUMN id ADD GENERATED BY DEFAULT AS IDENTITY (
    SEQUENCE NAME public.notification_id_seq
    START WITH 1
    INCREMENT BY 1
    NO MINVALUE
    NO MAXVALUE
    CACHE 1
);


--
-- Name: product; Type: TABLE; Schema: public; Owner: postgres
--

CREATE TABLE public.product (
    id integer NOT NULL,
    name character varying(255) NOT NULL,
    description character varying,
    price numeric(10,2) NOT NULL,
    quantity integer NOT NULL,
    company_id integer,
    discount_id integer
);


ALTER TABLE public.product OWNER TO postgres;

--
-- Name: product_id_seq; Type: SEQUENCE; Schema: public; Owner: postgres
--

CREATE SEQUENCE public.product_id_seq
    AS integer
    START WITH 1
    INCREMENT BY 1
    NO MINVALUE
    NO MAXVALUE
    CACHE 1;


ALTER TABLE public.product_id_seq OWNER TO postgres;

--
-- Name: product_id_seq; Type: SEQUENCE OWNED BY; Schema: public; Owner: postgres
--

ALTER SEQUENCE public.product_id_seq OWNED BY public.product.id;


--
-- Name: product_internal; Type: TABLE; Schema: public; Owner: postgres
--

CREATE TABLE public.product_internal (
    id integer NOT NULL,
    key character varying(255),
    value text,
    product_id integer
);


ALTER TABLE public.product_internal OWNER TO postgres;

--
-- Name: product_internal_id_seq; Type: SEQUENCE; Schema: public; Owner: postgres
--

ALTER TABLE public.product_internal ALTER COLUMN id ADD GENERATED BY DEFAULT AS IDENTITY (
    SEQUENCE NAME public.product_internal_id_seq
    START WITH 1
    INCREMENT BY 1
    NO MINVALUE
    NO MAXVALUE
    CACHE 1
);


--
-- Name: product_keyword; Type: TABLE; Schema: public; Owner: postgres
--

CREATE TABLE public.product_keyword (
    product_id integer NOT NULL,
    keyword_id integer NOT NULL
);


ALTER TABLE public.product_keyword OWNER TO postgres;

--
-- Name: product_rating; Type: TABLE; Schema: public; Owner: postgres
--

CREATE TABLE public.product_rating (
    id integer NOT NULL,
    score integer,
    product_id integer NOT NULL
);


ALTER TABLE public.product_rating OWNER TO postgres;

--
-- Name: product_rating_id_seq; Type: SEQUENCE; Schema: public; Owner: postgres
--

ALTER TABLE public.product_rating ALTER COLUMN id ADD GENERATED BY DEFAULT AS IDENTITY (
    SEQUENCE NAME public.product_rating_id_seq
    START WITH 1
    INCREMENT BY 1
    NO MINVALUE
    NO MAXVALUE
    CACHE 1
);


--
-- Name: product_registration_requests; Type: TABLE; Schema: public; Owner: postgres
--

CREATE TABLE public.product_registration_requests (
    id integer NOT NULL,
    name character varying(255) NOT NULL,
    description character varying,
    price double precision NOT NULL,
    company_id integer NOT NULL
);


ALTER TABLE public.product_registration_requests OWNER TO postgres;

--
-- Name: product_registration_requests_id_seq; Type: SEQUENCE; Schema: public; Owner: postgres
--

ALTER TABLE public.product_registration_requests ALTER COLUMN id ADD GENERATED BY DEFAULT AS IDENTITY (
    SEQUENCE NAME public.product_registration_requests_id_seq
    START WITH 1
    INCREMENT BY 1
    NO MINVALUE
    NO MAXVALUE
    CACHE 1
);


--
-- Name: product_review; Type: TABLE; Schema: public; Owner: postgres
--

CREATE TABLE public.product_review (
    id integer NOT NULL,
    text character varying(255) NOT NULL,
    product_id integer NOT NULL
);


ALTER TABLE public.product_review OWNER TO postgres;

--
-- Name: product_review_id_seq; Type: SEQUENCE; Schema: public; Owner: postgres
--

ALTER TABLE public.product_review ALTER COLUMN id ADD GENERATED BY DEFAULT AS IDENTITY (
    SEQUENCE NAME public.product_review_id_seq
    START WITH 1
    INCREMENT BY 1
    NO MINVALUE
    NO MAXVALUE
    CACHE 1
);


--
-- Name: purchase; Type: TABLE; Schema: public; Owner: postgres
--

CREATE TABLE public.purchase (
    purchase_id integer NOT NULL,
    customer_id integer,
    product_id integer,
    purchase_date timestamp without time zone DEFAULT now(),
    price numeric(10,2) NOT NULL
);


ALTER TABLE public.purchase OWNER TO postgres;

--
-- Name: purchase_purchase_id_seq; Type: SEQUENCE; Schema: public; Owner: postgres
--

ALTER TABLE public.purchase ALTER COLUMN purchase_id ADD GENERATED BY DEFAULT AS IDENTITY (
    SEQUENCE NAME public.purchase_purchase_id_seq
    START WITH 1
    INCREMENT BY 1
    NO MINVALUE
    NO MAXVALUE
    CACHE 1
);


--
-- Name: refund_requests; Type: TABLE; Schema: public; Owner: postgres
--

CREATE TABLE public.refund_requests (
    id integer NOT NULL,
    price double precision,
    customer_id integer NOT NULL,
    purchase_id integer NOT NULL
);


ALTER TABLE public.refund_requests OWNER TO postgres;

--
-- Name: refund_requests_id_seq; Type: SEQUENCE; Schema: public; Owner: postgres
--

ALTER TABLE public.refund_requests ALTER COLUMN id ADD GENERATED BY DEFAULT AS IDENTITY (
    SEQUENCE NAME public.refund_requests_id_seq
    START WITH 1
    INCREMENT BY 1
    NO MINVALUE
    NO MAXVALUE
    CACHE 1
);


--
-- Name: product id; Type: DEFAULT; Schema: public; Owner: postgres
--

ALTER TABLE ONLY public.product ALTER COLUMN id SET DEFAULT nextval('public.product_id_seq'::regclass);


--
-- Data for Name: company; Type: TABLE DATA; Schema: public; Owner: postgres
--

COPY public.company (id, owner_id, name, description, logourl, status) FROM stdin;
4	17	Tabacco&Whiskey	Best Tabacco. Best Whiskey.	https://www.youtube.com/watch?v=jfKfPfyJRdk&ab_channel=LofiGirl	ACTIVE
3	8	AxesProd	We making axes	https://twitter.com/JordanLWheeler/status/1637853083865579520/photo/1	FROZEN
\.


--
-- Data for Name: company_registration_requests; Type: TABLE DATA; Schema: public; Owner: postgres
--

COPY public.company_registration_requests (id, name, description, logourl, customer_id) FROM stdin;
1	Tabacco&Whiskey	Best Tabacco. Best Whiskey.	https://www.youtube.com/watch?v=jfKfPfyJRdk&ab_channel=LofiGirl	17
2	Maluyta Inc	My Own Company	https://www.youtube.com/watch?v=jfKfPfyJRdk&ab_channel=LofiGirl	9
\.


--
-- Data for Name: customer; Type: TABLE DATA; Schema: public; Owner: postgres
--

COPY public.customer (id, username, email, password, balance, role) FROM stdin;
9	Malyuta	scuratov@best.com	$2a$10$3b1vEh/411L9f8WlUx/7zOL4kE5w2HH2OZHGvBGlIGafsmh7PjDGe	0	ROLE_USER
11	Ivan44	vanya@best.com	$2a$10$xn5d1gjZ/fCSwfrnIs05Ce11kU4d48ofHwyucU8E0RDYlTiuKsA4W	0	ROLE_USER
12	Robespierre	viva@france.com	$2a$10$ToTr8i5Ye86Jne577D.inubxSsEGEWoye8ok6jUlwwNI4fIVs1Ici	0	ROLE_USER
13	Danton	viva2@france.com	$2a$10$YvpFtQ.PnlPMqOrYmUqmB.EctAd6TrR.RKwaREi2uPfdTJMmuKLNe	0	ROLE_USER
14	Dexter	morgan@florida.com	$2a$10$j7eYIJFN9u/t0MAOpmDCAefyUBiJY/0rEuNr.l4fWhDNhZux9DHoe	0	ROLE_ADMIN
15	Alice	alice@inchains.com	$2a$10$MU9.KeGoA9WPUi7RrhSdgePIueFXSvd5FolOvb.aXlXa4nP.bDhxO	0	ROLE_USER
7	Alexander	alex007@mail.com	$2a$10$IA7bZ6QOL/pudLQVy1rIzegH.J2gnjkX64Cv4qPQep7j.x05vN4du	10000	ROLE_OWNER
10	Ivan4	vanya@best.com	$2a$10$RN8hICcj6azao6FAQVFhqu1.C/6aQw2oEAtfolAwhGCmQxAzTEWt2	0	ROLE_FROZEN
8	Fyodor	dostoevskiy@noble.com	$2a$10$hiSggJXtnavSC7Ftnt20.O7Mcb7tFKBkIsoumjzPHQonQ7hHTRLbe	641.25	ROLE_USER
17	Churchill	sweatandblood@beach.com	$2a$10$vR7RNkQC6bZMn3f.ykxY1.psB52QGatjzfwYgQ.InODsQSsWRXWU6	28.5	ROLE_OWNER
18	Napoleone	tulonine@gmai.com	$2a$10$t99BUdrKIUTUL00cilxTt.82PfikrAXoEKfh1sQPBWg9NNWkEvSZm	14370	ROLE_USER
\.


--
-- Data for Name: customer_notification; Type: TABLE DATA; Schema: public; Owner: postgres
--

COPY public.customer_notification (customer_id, notification_id) FROM stdin;
13	4
14	4
15	4
17	5
\.


--
-- Data for Name: discount; Type: TABLE DATA; Schema: public; Owner: postgres
--

COPY public.discount (id, size, till_date) FROM stdin;
1	50	2023-03-27
\.


--
-- Data for Name: keyword; Type: TABLE DATA; Schema: public; Owner: postgres
--

COPY public.keyword (keyword_id, keyword_name) FROM stdin;
1	Weapon
2	New
3	Old
\.


--
-- Data for Name: notification; Type: TABLE DATA; Schema: public; Owner: postgres
--

COPY public.notification (id, head, date, text) FROM stdin;
4	New feature added	2023-03-22	We've added a new feature to our app. Check it out!
5	Welcome, mr. Prime Minister	2023-03-22	Special thanks to Winstone Churchill to be with us!
\.


--
-- Data for Name: product; Type: TABLE DATA; Schema: public; Owner: postgres
--

COPY public.product (id, name, description, price, quantity, company_id, discount_id) FROM stdin;
3	 Old Axe	Just old axe	100.00	50	3	1
4	New Axe	Just new Axe	150.00	21	3	1
5	Winstone Sigarette	best tobacco in the world	2.50	88	4	\N
\.


--
-- Data for Name: product_internal; Type: TABLE DATA; Schema: public; Owner: postgres
--

COPY public.product_internal (id, key, value, product_id) FROM stdin;
\.


--
-- Data for Name: product_keyword; Type: TABLE DATA; Schema: public; Owner: postgres
--

COPY public.product_keyword (product_id, keyword_id) FROM stdin;
4	1
3	1
4	2
3	3
\.


--
-- Data for Name: product_rating; Type: TABLE DATA; Schema: public; Owner: postgres
--

COPY public.product_rating (id, score, product_id) FROM stdin;
1	4	4
\.


--
-- Data for Name: product_registration_requests; Type: TABLE DATA; Schema: public; Owner: postgres
--

COPY public.product_registration_requests (id, name, description, price, company_id) FROM stdin;
1	Winstone Sigarette	best tobacco in the world	2.5	4
\.


--
-- Data for Name: product_review; Type: TABLE DATA; Schema: public; Owner: postgres
--

COPY public.product_review (id, text, product_id) FROM stdin;
1	Good Axe. Grandma exited.	4
\.


--
-- Data for Name: purchase; Type: TABLE DATA; Schema: public; Owner: postgres
--

COPY public.purchase (purchase_id, customer_id, product_id, purchase_date, price) FROM stdin;
2	18	4	2023-03-23 00:00:00	75.00
3	18	4	2023-03-23 00:00:00	75.00
4	18	4	2023-03-23 00:00:00	75.00
5	18	4	2023-03-23 00:00:00	75.00
6	18	4	2023-03-23 00:00:00	75.00
7	18	4	2023-03-23 00:00:00	75.00
8	18	4	2023-03-23 00:00:00	75.00
9	18	4	2023-03-23 00:00:00	75.00
11	18	5	2023-03-23 00:00:00	2.50
12	18	5	2023-03-23 00:00:00	2.50
13	18	5	2023-03-23 00:00:00	2.50
14	18	5	2023-03-23 00:00:00	2.50
15	18	5	2023-03-23 00:00:00	2.50
16	18	5	2023-03-23 00:00:00	2.50
17	18	5	2023-03-23 00:00:00	2.50
18	18	5	2023-03-23 00:00:00	2.50
19	18	5	2023-03-23 00:00:00	2.50
20	18	5	2023-03-23 15:10:06.212725	2.50
21	18	5	2023-03-23 15:10:06.213722	2.50
22	18	5	2023-03-23 15:10:06.213722	2.50
\.


--
-- Data for Name: refund_requests; Type: TABLE DATA; Schema: public; Owner: postgres
--

COPY public.refund_requests (id, price, customer_id, purchase_id) FROM stdin;
2	75	18	10
\.


--
-- Name: company_id_seq; Type: SEQUENCE SET; Schema: public; Owner: postgres
--

SELECT pg_catalog.setval('public.company_id_seq', 4, true);


--
-- Name: company_registration_requests_id_seq; Type: SEQUENCE SET; Schema: public; Owner: postgres
--

SELECT pg_catalog.setval('public.company_registration_requests_id_seq', 2, true);


--
-- Name: customer_id_seq; Type: SEQUENCE SET; Schema: public; Owner: postgres
--

SELECT pg_catalog.setval('public.customer_id_seq', 18, true);


--
-- Name: discount_id_seq; Type: SEQUENCE SET; Schema: public; Owner: postgres
--

SELECT pg_catalog.setval('public.discount_id_seq', 1, true);


--
-- Name: keyword_keyword_id_seq; Type: SEQUENCE SET; Schema: public; Owner: postgres
--

SELECT pg_catalog.setval('public.keyword_keyword_id_seq', 1, false);


--
-- Name: keyword_keyword_id_seq1; Type: SEQUENCE SET; Schema: public; Owner: postgres
--

SELECT pg_catalog.setval('public.keyword_keyword_id_seq1', 3, true);


--
-- Name: notification_id_seq; Type: SEQUENCE SET; Schema: public; Owner: postgres
--

SELECT pg_catalog.setval('public.notification_id_seq', 5, true);


--
-- Name: product_id_seq; Type: SEQUENCE SET; Schema: public; Owner: postgres
--

SELECT pg_catalog.setval('public.product_id_seq', 5, true);


--
-- Name: product_internal_id_seq; Type: SEQUENCE SET; Schema: public; Owner: postgres
--

SELECT pg_catalog.setval('public.product_internal_id_seq', 4, true);


--
-- Name: product_rating_id_seq; Type: SEQUENCE SET; Schema: public; Owner: postgres
--

SELECT pg_catalog.setval('public.product_rating_id_seq', 1, true);


--
-- Name: product_registration_requests_id_seq; Type: SEQUENCE SET; Schema: public; Owner: postgres
--

SELECT pg_catalog.setval('public.product_registration_requests_id_seq', 1, true);


--
-- Name: product_review_id_seq; Type: SEQUENCE SET; Schema: public; Owner: postgres
--

SELECT pg_catalog.setval('public.product_review_id_seq', 1, true);


--
-- Name: purchase_purchase_id_seq; Type: SEQUENCE SET; Schema: public; Owner: postgres
--

SELECT pg_catalog.setval('public.purchase_purchase_id_seq', 22, true);


--
-- Name: refund_requests_id_seq; Type: SEQUENCE SET; Schema: public; Owner: postgres
--

SELECT pg_catalog.setval('public.refund_requests_id_seq', 2, true);


--
-- Name: company company_pkey; Type: CONSTRAINT; Schema: public; Owner: postgres
--

ALTER TABLE ONLY public.company
    ADD CONSTRAINT company_pkey PRIMARY KEY (id);


--
-- Name: company_registration_requests company_registration_requests_pkey; Type: CONSTRAINT; Schema: public; Owner: postgres
--

ALTER TABLE ONLY public.company_registration_requests
    ADD CONSTRAINT company_registration_requests_pkey PRIMARY KEY (id);


--
-- Name: customer_notification customer_notification_pkey; Type: CONSTRAINT; Schema: public; Owner: postgres
--

ALTER TABLE ONLY public.customer_notification
    ADD CONSTRAINT customer_notification_pkey PRIMARY KEY (customer_id, notification_id);


--
-- Name: customer customer_pkey; Type: CONSTRAINT; Schema: public; Owner: postgres
--

ALTER TABLE ONLY public.customer
    ADD CONSTRAINT customer_pkey PRIMARY KEY (id);


--
-- Name: discount discount_pkey; Type: CONSTRAINT; Schema: public; Owner: postgres
--

ALTER TABLE ONLY public.discount
    ADD CONSTRAINT discount_pkey PRIMARY KEY (id);


--
-- Name: keyword keyword_keyword_name_key; Type: CONSTRAINT; Schema: public; Owner: postgres
--

ALTER TABLE ONLY public.keyword
    ADD CONSTRAINT keyword_keyword_name_key UNIQUE (keyword_name);


--
-- Name: keyword keyword_pkey; Type: CONSTRAINT; Schema: public; Owner: postgres
--

ALTER TABLE ONLY public.keyword
    ADD CONSTRAINT keyword_pkey PRIMARY KEY (keyword_id);


--
-- Name: notification notification_pkey; Type: CONSTRAINT; Schema: public; Owner: postgres
--

ALTER TABLE ONLY public.notification
    ADD CONSTRAINT notification_pkey PRIMARY KEY (id);


--
-- Name: product_internal product_internal_pkey; Type: CONSTRAINT; Schema: public; Owner: postgres
--

ALTER TABLE ONLY public.product_internal
    ADD CONSTRAINT product_internal_pkey PRIMARY KEY (id);


--
-- Name: product_keyword product_keyword_pkey; Type: CONSTRAINT; Schema: public; Owner: postgres
--

ALTER TABLE ONLY public.product_keyword
    ADD CONSTRAINT product_keyword_pkey PRIMARY KEY (product_id, keyword_id);


--
-- Name: product product_pkey; Type: CONSTRAINT; Schema: public; Owner: postgres
--

ALTER TABLE ONLY public.product
    ADD CONSTRAINT product_pkey PRIMARY KEY (id);


--
-- Name: product_rating product_rating_pkey; Type: CONSTRAINT; Schema: public; Owner: postgres
--

ALTER TABLE ONLY public.product_rating
    ADD CONSTRAINT product_rating_pkey PRIMARY KEY (id);


--
-- Name: product_review product_review_pkey; Type: CONSTRAINT; Schema: public; Owner: postgres
--

ALTER TABLE ONLY public.product_review
    ADD CONSTRAINT product_review_pkey PRIMARY KEY (id);


--
-- Name: purchase purchase_pkey; Type: CONSTRAINT; Schema: public; Owner: postgres
--

ALTER TABLE ONLY public.purchase
    ADD CONSTRAINT purchase_pkey PRIMARY KEY (purchase_id);


--
-- Name: refund_requests refund_requests_pkey; Type: CONSTRAINT; Schema: public; Owner: postgres
--

ALTER TABLE ONLY public.refund_requests
    ADD CONSTRAINT refund_requests_pkey PRIMARY KEY (id);


--
-- Name: company company_owner_id_fkey; Type: FK CONSTRAINT; Schema: public; Owner: postgres
--

ALTER TABLE ONLY public.company
    ADD CONSTRAINT company_owner_id_fkey FOREIGN KEY (owner_id) REFERENCES public.customer(id);


--
-- Name: customer_notification customer_notification_customer_id_fkey; Type: FK CONSTRAINT; Schema: public; Owner: postgres
--

ALTER TABLE ONLY public.customer_notification
    ADD CONSTRAINT customer_notification_customer_id_fkey FOREIGN KEY (customer_id) REFERENCES public.customer(id);


--
-- Name: customer_notification customer_notification_notification_id_fkey; Type: FK CONSTRAINT; Schema: public; Owner: postgres
--

ALTER TABLE ONLY public.customer_notification
    ADD CONSTRAINT customer_notification_notification_id_fkey FOREIGN KEY (notification_id) REFERENCES public.notification(id);


--
-- Name: product product_company_id_fkey; Type: FK CONSTRAINT; Schema: public; Owner: postgres
--

ALTER TABLE ONLY public.product
    ADD CONSTRAINT product_company_id_fkey FOREIGN KEY (company_id) REFERENCES public.company(id);


--
-- Name: product product_discount_id_fkey; Type: FK CONSTRAINT; Schema: public; Owner: postgres
--

ALTER TABLE ONLY public.product
    ADD CONSTRAINT product_discount_id_fkey FOREIGN KEY (discount_id) REFERENCES public.discount(id);


--
-- Name: product_internal product_internal_product_id_fkey; Type: FK CONSTRAINT; Schema: public; Owner: postgres
--

ALTER TABLE ONLY public.product_internal
    ADD CONSTRAINT product_internal_product_id_fkey FOREIGN KEY (product_id) REFERENCES public.product(id) ON DELETE CASCADE;


--
-- Name: product_keyword product_keyword_keyword_id_fkey; Type: FK CONSTRAINT; Schema: public; Owner: postgres
--

ALTER TABLE ONLY public.product_keyword
    ADD CONSTRAINT product_keyword_keyword_id_fkey FOREIGN KEY (keyword_id) REFERENCES public.keyword(keyword_id) ON DELETE CASCADE;


--
-- Name: product_keyword product_keyword_product_id_fkey; Type: FK CONSTRAINT; Schema: public; Owner: postgres
--

ALTER TABLE ONLY public.product_keyword
    ADD CONSTRAINT product_keyword_product_id_fkey FOREIGN KEY (product_id) REFERENCES public.product(id) ON DELETE CASCADE;


--
-- Name: product_rating product_rating_product_id_fkey; Type: FK CONSTRAINT; Schema: public; Owner: postgres
--

ALTER TABLE ONLY public.product_rating
    ADD CONSTRAINT product_rating_product_id_fkey FOREIGN KEY (product_id) REFERENCES public.product(id);


--
-- Name: product_review product_review_product_id_fkey; Type: FK CONSTRAINT; Schema: public; Owner: postgres
--

ALTER TABLE ONLY public.product_review
    ADD CONSTRAINT product_review_product_id_fkey FOREIGN KEY (product_id) REFERENCES public.product(id);


--
-- Name: purchase purchase_customer_id_fkey; Type: FK CONSTRAINT; Schema: public; Owner: postgres
--

ALTER TABLE ONLY public.purchase
    ADD CONSTRAINT purchase_customer_id_fkey FOREIGN KEY (customer_id) REFERENCES public.customer(id) ON DELETE CASCADE;


--
-- Name: purchase purchase_product_id_fkey; Type: FK CONSTRAINT; Schema: public; Owner: postgres
--

ALTER TABLE ONLY public.purchase
    ADD CONSTRAINT purchase_product_id_fkey FOREIGN KEY (product_id) REFERENCES public.product(id) ON DELETE CASCADE;


--
-- PostgreSQL database dump complete
--

